"id_regla","activa","prioridad","tipo_regla","campo_objetivo","operador","patron","patron_adicional","patron_exclusion","codigo_disciplina","disciplina_nombre","codigo_familia","familia_nombre","codigo_subfamilia","subfamilia_nombre","paquete_comparativo","metodo_valoracion","fuente_objetivo","requiere_fuente_actual","criterio_estadistico","confianza","requiere_revision","comentario"
"R001","Sí","1.0","excepcion","desc","contiene","buzo","","","CIV","Civil","CIV-12","Obra marítima, captación y emisarios","CIV-12-BUZ","Buzos / trabajos subacuáticos","Trabajos especializados","Proyecto provisional","Subcontrata buzos local","Sí","Mantener proyecto hasta oferta","98","Sí","No clasificar como MT aunque código sea OC01"
"R002","Sí","1.0","excepcion","desc","contiene","subacuatico","","","CIV","Civil","CIV-12","Obra marítima, captación y emisarios","CIV-12-BUZ","Buzos / trabajos subacuáticos","Trabajos especializados","Proyecto provisional","Subcontrata buzos local","Sí","Mantener proyecto hasta oferta","98","Sí","Trabajo subacuático especializado"
"R003","Sí","1.0","excepcion","desc","contiene","emisario","","","CIV","Civil","CIV-12","Obra marítima, captación y emisarios","CIV-12-OBR","Obra marina / emisario","Obra marina","Oferta específica","Subcontrata obra marina","Sí","Precio proveedor validado","98","Sí","No valorar con ratios convencionales"
"R004","Sí","1.0","excepcion","desc","contiene","difusor","","","CIV","Civil","CIV-12","Obra marítima, captación y emisarios","CIV-12-OBR","Obra marina / emisario","Obra marina","Oferta específica","Subcontrata obra marina","Sí","Precio proveedor validado","98","Sí","Obra marina especializada"
"R005","Sí","1.0","excepcion","desc","contiene","dragado","","","CIV","Civil","CIV-12","Obra marítima, captación y emisarios","CIV-12-OBR","Obra marina / emisario","Obra marina","Oferta específica","Subcontrata obra marina","Sí","Precio proveedor validado","98","Sí","Obra marina especializada"
"R006","Sí","1.0","excepcion","desc","contiene","hinca","","","CIV","Civil","CIV-12","Obra marítima, captación y emisarios","CIV-12-HIN","Hinca / perforación especial","Trabajos especializados","Oferta específica","Subcontrata hinca / PHD","Sí","Precio proveedor validado","95","Sí","Revisar si es tubería proceso o captación"
"R007","Sí","1.0","excepcion","desc","contiene","raee","","","CIV","Civil","CIV-17","Gestión de residuos","CIV-17-RAE","RAEE","Residuos","Tarifa oficial","BOIB / gestor RAEE","Sí","Tarifa vigente + ajuste técnico","98","Sí","Alto importe; poco comparable con RCD"
"R008","Sí","1.0","excepcion","desc","contiene","pcb","","","CIV","Civil","CIV-17","Gestión de residuos","CIV-17-RAE","RAEE / residuo especial","Residuos","Oferta específica","Gestor autorizado","Sí","Precio proveedor validado","98","Sí","Control documental específico"
"R009","Sí","1.0","excepcion","desc","contiene","amianto","","","CIV","Civil","CIV-17","Gestión de residuos","CIV-17-PEL","Residuo peligroso con amianto","Residuos","Oferta específica","Gestor autorizado amianto","Sí","Precio proveedor validado","99","Sí","No mezclar con RCD ordinarios"
"R010","Sí","1.0","excepcion","desc","contiene","asbesto","","","CIV","Civil","CIV-17","Gestión de residuos","CIV-17-PEL","Residuo peligroso con amianto","Residuos","Oferta específica","Gestor autorizado amianto","Sí","Precio proveedor validado","99","Sí","No mezclar con RCD ordinarios"
"R011","Sí","1.0","excepcion","desc","contiene","residuo peligroso","","","CIV","Civil","CIV-17","Gestión de residuos","CIV-17-PEL","Residuos peligrosos","Residuos","Oferta específica","Gestor RP","Sí","Precio proveedor validado","98","Sí","Gestión dependiente del residuo real"
"R012","Sí","1.0","excepcion","desc","contiene","ler peligroso","","","CIV","Civil","CIV-17","Gestión de residuos","CIV-17-PEL","Residuos peligrosos","Residuos","Oferta específica","Gestor RP","Sí","Precio proveedor validado","98","Sí","Requiere gestor específico"
"R013","Sí","1.0","excepcion","desc","contiene","mac insular","","","CIV","Civil","CIV-17","Gestión de residuos","CIV-17-RCD","RCD / Mac Insular","Residuos","Tarifa oficial","BOIB / Mac Insular","No","Tarifa vigente + ajuste técnico","98","Sí","Activar tabla auxiliar BOIB/densidades"
"R014","Sí","1.0","excepcion","desc","contiene","verja","","","CIV","Civil","CIV-09","Cerrajería, tramex, plataformas y vallados","CIV-09-VAL","Vallados metálicos","Cerrajería PRFV","Oferta específica","Cerrajero / metálicas","Sí","Precio proveedor validado","95","Sí","No contaminar acero estructural"
"R015","Sí","1.0","excepcion","desc","contiene","vallado","","","CIV","Civil","CIV-09","Cerrajería, tramex, plataformas y vallados","CIV-09-VAL","Vallados metálicos","Cerrajería PRFV","Oferta específica","Cerrajero / metálicas","Sí","Precio proveedor validado","95","Sí","No contaminar acero estructural"
"R016","Sí","1.0","excepcion","desc","contiene","barandilla","","","CIV","Civil","CIV-09","Cerrajería, tramex, plataformas y vallados","CIV-09-VAL","Vallados / cerrajería","Cerrajería PRFV","Oferta específica","Cerrajero / metálicas","Sí","Precio proveedor validado","95","Sí","No contaminar acero estructural"
"R017","Sí","1.0","excepcion","desc","contiene","tramex","","","CIV","Civil","CIV-09","Cerrajería, tramex, plataformas y vallados","CIV-09-TRA","Tramex / plataformas PRFV","Cerrajería PRFV","Oferta específica","Proveedor PRFV / Hydroclick","Sí","Precio proveedor validado","98","Sí","Proveedor específico"
"R018","Sí","1.0","excepcion","desc","contiene","hydroclick","","","CIV","Civil","CIV-09","Cerrajería, tramex, plataformas y vallados","CIV-09-TRA","Tramex / plataformas PRFV","Cerrajería PRFV","Oferta específica","Proveedor PRFV / Hydroclick","Sí","Precio proveedor validado","98","Sí","Proveedor específico"
"R019","Sí","1.0","excepcion","desc","contiene","escalera prfv","","","CIV","Civil","CIV-09","Cerrajería, tramex, plataformas y vallados","CIV-09-ESC","Escaleras PRFV","Cerrajería PRFV","Oferta específica","Proveedor PRFV","Sí","Precio proveedor validado","95","Sí","Escalera de fibra de vidrio"
"R020","Sí","1.0","excepcion","desc","contiene","columnas de modulo controlado","","","CIV","Civil","CIV-05","Tratamiento del terreno y cimentaciones especiales","CIV-05-CMC","Columnas de módulo controlado","Cimentaciones especiales","Oferta específica","Subcontrata geotecnia","Sí","Precio proveedor validado","98","Sí","No es movimiento de tierras"
"R021","Sí","1.0","excepcion","desc","contiene","cmc","","","CIV","Civil","CIV-05","Tratamiento del terreno y cimentaciones especiales","CIV-05-CMC","Columnas de módulo controlado","Cimentaciones especiales","Oferta específica","Subcontrata geotecnia","Sí","Precio proveedor validado","98","Sí","CMC = columnas módulo controlado"
"R022","Sí","1.0","excepcion","desc","contiene","inclusiones rigidas","","","CIV","Civil","CIV-05","Tratamiento del terreno y cimentaciones especiales","CIV-05-CMC","Columnas de módulo controlado","Cimentaciones especiales","Oferta específica","Subcontrata geotecnia","Sí","Precio proveedor validado","95","Sí","No es movimiento de tierras"
"R023","Sí","1.0","excepcion","desc","contiene","micropilote","","","CIV","Civil","CIV-05","Tratamiento del terreno y cimentaciones especiales","CIV-05-ESP","Cimentación especial","Cimentaciones especiales","Oferta específica","Subcontrata geotecnia","Sí","Precio proveedor validado","98","Sí","Riesgo técnico/económico alto"
"R024","Sí","1.0","excepcion","desc","contiene","jet grouting","","","CIV","Civil","CIV-05","Tratamiento del terreno y cimentaciones especiales","CIV-05-ESP","Cimentación especial","Cimentaciones especiales","Oferta específica","Subcontrata geotecnia","Sí","Precio proveedor validado","98","Sí","Subcontrata geotecnia"
"R025","Sí","1.0","excepcion","desc","contiene","soil mixing","","","CIV","Civil","CIV-05","Tratamiento del terreno y cimentaciones especiales","CIV-05-ESP","Cimentación especial","Cimentaciones especiales","Oferta específica","Subcontrata geotecnia","Sí","Precio proveedor validado","98","Sí","Subcontrata geotecnia"
"R026","Sí","1.0","excepcion","desc","contiene","localizacion de servicios","","","CIV","Civil","CIV-16","Servicios afectados y desvíos","CIV-16-SER","Localización / servicios afectados","Servicios afectados","Proyecto provisional","Empresa detección servicios","Sí","Mantener proyecto hasta oferta","98","Sí","No es excavación productiva"
"R027","Sí","1.0","excepcion","desc","contiene","servicios afectados","","","CIV","Civil","CIV-16","Servicios afectados y desvíos","CIV-16-SER","Localización / servicios afectados","Servicios afectados","Proyecto provisional","Empresa detección servicios","Sí","Mantener proyecto hasta oferta","98","Sí","No es excavación productiva"
"R028","Sí","1.0","excepcion","desc","contiene","bombeo de hormigon","","","CIV","Civil","CIV-07","Encofrados, ferralla y hormigones","CIV-07-HOR-BOM","Bombeo de hormigón","Hormigón","Referencia histórica actualizada","Proveedores bombeo / oferta actual","Sí","Mediana si >=3 fuentes; mínimo 2","98","Sí","Excepción frente a equipos mecánicos"
"R029","Sí","1.0","excepcion","desc","contiene","achique","","","CIV","Civil","CIV-04","Contenciones, entibaciones y achiques","CIV-04-ACH","Achiques / agotamiento","Temporales","Oferta específica","Subcontrata achique","Sí","Precio proveedor validado","95","Sí","No confundir con bombas de proceso"
"R030","Sí","1.0","excepcion","desc","contiene","agotamiento","","","CIV","Civil","CIV-04","Contenciones, entibaciones y achiques","CIV-04-ACH","Achiques / agotamiento","Temporales","Oferta específica","Subcontrata achique","Sí","Precio proveedor validado","95","Sí","Sistema de agotamiento"
"R031","Sí","1.0","excepcion","desc","contiene","wellpoint","","","CIV","Civil","CIV-04","Contenciones, entibaciones y achiques","CIV-04-ACH","Achiques / agotamiento","Temporales","Oferta específica","Subcontrata achique","Sí","Precio proveedor validado","95","Sí","Sistema de agotamiento"
"R032","Sí","1.0","excepcion","desc","contiene","dewatering","","","CIV","Civil","CIV-04","Contenciones, entibaciones y achiques","CIV-04-ACH","Achiques / agotamiento","Temporales","Oferta específica","Subcontrata achique","Sí","Precio proveedor validado","95","Sí","Sistema de agotamiento"
"R033","Sí","1.0","excepcion","desc","contiene","osmosis inversa","","","MEC","Mecánico","MEC-02","Equipos específicos IDAM / OI / desalación","MEC-02-OI","OI / membranas / bastidores","Desalación","Oferta específica","Proveedor OI","Sí","Precio proveedor validado","98","Sí","Membrana OI específica IDAM"
"R034","Sí","1.0","excepcion","desc","contiene","membrana de osmosis","","","MEC","Mecánico","MEC-02","Equipos específicos IDAM / OI / desalación","MEC-02-OI","OI / membranas / bastidores","Desalación","Oferta específica","Proveedor OI","Sí","Precio proveedor validado","98","Sí","Membrana OI específica IDAM"
"R035","Sí","1.0","excepcion","desc","regex","\beri\b","","","MEC","Mecánico","MEC-02","Equipos específicos IDAM / OI / desalación","MEC-02-ERI","Recuperación de energía","Desalación","Oferta específica","ERI / PX","Sí","Precio proveedor validado","98","Sí","ERI=Energy Recovery Interchange; word boundary"
"R040","Sí","1.5","excepcion_hormigon","desc","contiene","ha-","","","CIV","Civil","CIV-07","Encofrados, ferralla y hormigones","CIV-07-HOR","Hormigón","Hormigón","Oferta actual + descompuesto","CEMEX + bombeo + colocacion","Sí","Mediana si >=3 fuentes; mínimo 2","95","Sí","HA-xx gana sobre rellenos y excavaciones"
"R041","Sí","1.5","excepcion_hormigon","desc","contiene","hm-","","","CIV","Civil","CIV-07","Encofrados, ferralla y hormigones","CIV-07-HOR-MAS","Hormigón en masa","Hormigón","Oferta actual + descompuesto","CEMEX + bombeo + colocacion","Sí","Mediana si >=3 fuentes; mínimo 2","90","Sí","HM-xx gana sobre rellenos"
"R042","Sí","1.5","excepcion_hormigon","desc","contiene","hl-","","","CIV","Civil","CIV-07","Encofrados, ferralla y hormigones","CIV-07-HOR-LIM","Hormigón de limpieza","Hormigón","Oferta actual + descompuesto","CEMEX + colocacion sencilla","No","Mediana si >=3 fuentes; mínimo 2","90","No","HL-xx hormigon de limpieza"
"R043","Sí","1.5","excepcion_hormigon","desc","contiene","iiia","","","CIV","Civil","CIV-07","Encofrados, ferralla y hormigones","CIV-07-HOR-XS1","HA ambiente marino aereo / equivalente XS1","Hormigón","Oferta actual + descompuesto","CEMEX + bombeo + colocacion","Sí","Mediana si >=3 fuentes; mínimo 2","90","Sí","EHE clase IIIa ~ XS1 (revisar exposicion real)"
"R044","Sí","1.5","excepcion_hormigon","desc","contiene","iiib","","","CIV","Civil","CIV-07","Encofrados, ferralla y hormigones","CIV-07-HOR-XS2","HA ambiente marino sumergido / equivalente XS2","Hormigón","Oferta actual + descompuesto","CEMEX + bombeo + colocacion","Sí","Mediana si >=3 fuentes; mínimo 2","90","Sí","EHE clase IIIb ~ XS2 (revisar exposicion real)"
"R045","Sí","1.5","excepcion_hormigon","desc","contiene","iiic","","","CIV","Civil","CIV-07","Encofrados, ferralla y hormigones","CIV-07-HOR-XS3","HA ambiente salpicaduras / equivalente XS3","Hormigón","Oferta específica","Proveedor hormigon especifico","Sí","Precio proveedor validado","90","Sí","EHE clase IIIc ~ XS3; no asimilar a XS2"
"R046","Sí","1.5","excepcion_hormigon","desc","contiene","xs2","","","CIV","Civil","CIV-07","Encofrados, ferralla y hormigones","CIV-07-HOR-XS2","HA ambiente marino sumergido / XS2","Hormigón","Oferta actual + descompuesto","CEMEX XS2 + bombeo + colocacion","Sí","Mediana si >=3 fuentes; mínimo 2","95","Sí","Ambiente marino sumergido"
"R047","Sí","1.5","excepcion_hormigon","desc","contiene","xs1","","","CIV","Civil","CIV-07","Encofrados, ferralla y hormigones","CIV-07-HOR-XS1","HA ambiente marino aereo / XS1","Hormigón","Oferta actual + descompuesto","CEMEX XS1 + bombeo + colocacion","Sí","Mediana si >=3 fuentes; mínimo 2","95","Sí","Ambiente marino aereo"
"R048","Sí","1.5","excepcion_hormigon","desc","contiene","xs3","","","CIV","Civil","CIV-07","Encofrados, ferralla y hormigones","CIV-07-HOR-XS3","HA ambiente XS3","Hormigón","Oferta específica","Proveedor hormigon especifico","Sí","Precio proveedor validado","95","Sí","No asimilar automaticamente a XS2"
"R050","Sí","2.0","palabra_clave","desc","contiene","rcd","","","CIV","Civil","CIV-17","Gestión de residuos","CIV-17-RCD","RCD","Residuos","Tarifa oficial","BOIB / Mac Insular","No","Tarifa vigente + ajuste técnico","95","Sí","Separar de tierras y RAEE"
"R051","Sí","2.0","palabra_clave","desc","contiene","tierras a vertedero","","","CIV","Civil","CIV-17","Gestión de residuos","CIV-17-TIE","Tierras / vertedero","Residuos","Tarifa oficial","BOIB / Mac Insular","No","Tarifa vigente + ajuste técnico","95","Sí","Canon + transporte"
"R052","Sí","2.0","palabra_clave","desc","contiene","deposicion de residuos peligrosos","","","CIV","Civil","CIV-17","Gestión de residuos","CIV-17-PEL","Residuos peligrosos","Residuos","Oferta específica","Gestor RP","Sí","Precio proveedor validado","95","Sí","Gestion residuo peligroso"
"R053","Sí","2.0","palabra_clave","desc","contiene","implantacion","","","CIV","Civil","CIV-01","Preliminares, implantación y trabajos previos","CIV-01-IMP","Implantación","Preliminares","Proyecto provisional","Proyecto / ratios internos","No","Mantener proyecto hasta oferta","85","Sí","Puede ser indirecto de obra"
"R054","Sí","2.0","palabra_clave","desc","contiene","instalaciones provisionales","","","CIV","Civil","CIV-01","Preliminares, implantación y trabajos previos","CIV-01-IMP","Implantación","Preliminares","Proyecto provisional","Proyecto / ratios internos","No","Mantener proyecto hasta oferta","85","Sí","Puede ser indirecto de obra"
"R055","Sí","2.0","palabra_clave","desc","contiene","replanteo","","","CIV","Civil","CIV-01","Preliminares, implantación y trabajos previos","CIV-01-TOP","Topografía / replanteo","Preliminares","Proyecto provisional","Topografia","No","Mantener proyecto hasta oferta","90","No","No clasificar como ingenieria"
"R056","Sí","2.0","palabra_clave","desc","contiene","demolicion","","","CIV","Civil","CIV-02","Demoliciones, desmontajes y levantados","CIV-02-DEM","Demoliciones","Demoliciones","Referencia histórica actualizada","DOSMAS / obra propia","No","Mediana si >=3 fuentes; mínimo 2","92","Sí","Distinguir HA / fabrica / firme / equipo"
"R057","Sí","2.0","palabra_clave","desc","contiene","levantado","","residuo","CIV","Civil","CIV-02","Demoliciones, desmontajes y levantados","CIV-02-DES","Levantados / desmontajes","Demoliciones","Referencia histórica actualizada","Obra propia","No","Mediana si >=3 fuentes; mínimo 2","88","Sí","Si equipo electromecánico revisar"
"R058","Sí","2.0","palabra_clave","desc","contiene_y_no_contiene","desmontaje","","residuo","CIV","Civil","CIV-02","Demoliciones, desmontajes y levantados","CIV-02-DES","Levantados / desmontajes","Demoliciones","Referencia histórica actualizada","Obra propia","No","Mediana si >=3 fuentes; mínimo 2","88","Sí","Si equipo electromecánico revisar"
"R059","Sí","2.0","palabra_clave","desc","contiene","desbroce","","","CIV","Civil","CIV-03","Movimiento de tierras","CIV-03-DES","Desbroce","Movimiento de tierras","Referencia histórica actualizada","DOSMAS / obra propia","No","Mediana si >=3 fuentes; mínimo 2","90","No","Movimiento de tierras puro"
"R060","Sí","2.0","palabra_clave","desc","contiene_y_no_contiene","excavaci","","servicios","CIV","Civil","CIV-03","Movimiento de tierras","CIV-03-EXC","Excavaciones","Movimiento de tierras","Referencia histórica actualizada","DOSMAS / obra propia","No","Mediana si >=3 fuentes; mínimo 2","92","Sí","Distinguir cielo abierto / zanja / bataches / roca"
"R061","Sí","2.0","palabra_clave","desc","contiene","vaciado","","","CIV","Civil","CIV-03","Movimiento de tierras","CIV-03-EXC","Excavaciones","Movimiento de tierras","Referencia histórica actualizada","DOSMAS / obra propia","No","Mediana si >=3 fuentes; mínimo 2","90","Sí","Movimiento de tierras"
"R062","Sí","2.0","palabra_clave","desc","contiene","bataches","","","CIV","Civil","CIV-03","Movimiento de tierras","CIV-03-EXB","Excavación por bataches","Movimiento de tierras","Referencia histórica actualizada","Obra propia ajustada","No","Mediana si >=3 fuentes; mínimo 2","95","Sí","Rendimiento inferior a excavacion ordinaria"
"R063","Sí","2.0","palabra_clave","desc","contiene","relleno","","","CIV","Civil","CIV-03","Movimiento de tierras","CIV-03-REL","Rellenos","Movimiento de tierras","Referencia histórica actualizada","DOSMAS / obra propia","No","Mediana si >=3 fuentes; mínimo 2","90","Sí","Distinguir material propio vs prestamo"
"R064","Sí","2.0","palabra_clave","desc","contiene","prestamo","","","CIV","Civil","CIV-03","Movimiento de tierras","CIV-03-REP","Relleno con préstamo","Movimiento de tierras","Descompuesto técnico","Cantera + transporte + compactacion","Sí","Mediana si >=3 fuentes; mínimo 2","95","Sí","No comparar con relleno material propio"
"R065","Sí","2.0","palabra_clave","desc","contiene","terraplen","","","CIV","Civil","CIV-03","Movimiento de tierras","CIV-03-REL","Rellenos","Movimiento de tierras","Referencia histórica actualizada","DOSMAS / obra propia","No","Mediana si >=3 fuentes; mínimo 2","90","Sí","Movimiento de tierras"
"R066","Sí","2.0","palabra_clave","desc","contiene","entibacion","","","CIV","Civil","CIV-04","Contenciones, entibaciones y achiques","CIV-04-ENT","Entibaciones","Movimiento de tierras","Oferta específica","Subcontrata entibacion","Sí","Precio proveedor validado","95","Sí","No incluir en excavacion ordinaria"
"R067","Sí","2.0","palabra_clave","desc","contiene","berlinesa","","","CIV","Civil","CIV-04","Contenciones, entibaciones y achiques","CIV-04-BER","Berlinesa","Movimiento de tierras","Oferta específica","Especialista contencion","Sí","Precio proveedor validado","95","Sí","Subcontrata especializada"
"R068","Sí","2.0","palabra_clave","desc","contiene","tablestaca","","","CIV","Civil","CIV-04","Contenciones, entibaciones y achiques","CIV-04-TAB","Tablestacas","Movimiento de tierras","Oferta específica","Especialista contencion","Sí","Precio proveedor validado","95","Sí","Subcontrata especializada"
"R069","Sí","2.0","palabra_clave","desc","contiene_y_no_contiene","pilote","","micropilote","CIV","Civil","CIV-05","Tratamiento del terreno y cimentaciones especiales","CIV-05-ESP","Cimentación especial","Cimentaciones especiales","Oferta específica","Subcontrata geotecnia","Sí","Precio proveedor validado","98","Sí","Subcontrata geotecnia"
"R070","Sí","2.0","palabra_clave","desc","contiene","encofrado","","","CIV","Civil","CIV-07","Encofrados, ferralla y hormigones","CIV-07-ENC","Encofrados","Encofrados","Referencia histórica actualizada","Obra 2020 / encofrador","Sí","Mediana si >=3 fuentes; mínimo 2","98","Sí","Tipologia manda el precio"
"R071","Sí","2.0","palabra_clave","desc","contiene","cimbra","","","CIV","Civil","CIV-07","Encofrados, ferralla y hormigones","CIV-07-ENC-CIM","Cimbras y apeos","Encofrados","Oferta específica","Encofrador / cimbras","Sí","Precio proveedor validado","95","Sí","Puede ser coste relevante separado"
"R072","Sí","2.0","palabra_clave","desc","contiene","apeo","","","CIV","Civil","CIV-07","Encofrados, ferralla y hormigones","CIV-07-ENC-CIM","Cimbras y apeos","Encofrados","Oferta específica","Encofrador / apeos","Sí","Precio proveedor validado","95","Sí","Puede ser coste relevante separado"
"R073","Sí","2.0","palabra_clave","desc","contiene","b500","","","CIV","Civil","CIV-07","Encofrados, ferralla y hormigones","CIV-07-FER","Ferralla B500SD","Acero B500SD","Oferta actual + descompuesto","Hierros Mallorca + rendimiento","Sí","Mediana si >=3 fuentes; mínimo 2","98","Sí","No clasificar como S275"
"R074","Sí","2.0","palabra_clave","desc","contiene","armadura","","","CIV","Civil","CIV-07","Encofrados, ferralla y hormigones","CIV-07-FER","Ferralla B500SD","Acero B500SD","Oferta actual + descompuesto","Hierros Mallorca + rendimiento","Sí","Mediana si >=3 fuentes; mínimo 2","98","Sí","Acero corrugado en armaduras"
"R075","Sí","2.0","palabra_clave","desc","contiene","ferralla","","","CIV","Civil","CIV-07","Encofrados, ferralla y hormigones","CIV-07-FER","Ferralla B500SD","Acero B500SD","Oferta actual + descompuesto","Hierros Mallorca + rendimiento","Sí","Mediana si >=3 fuentes; mínimo 2","98","Sí","No clasificar como S275"
"R076","Sí","2.0","palabra_clave","desc","contiene","mallazo","","","CIV","Civil","CIV-07","Encofrados, ferralla y hormigones","CIV-07-FER-MAL","Mallazo","Acero B500SD","Oferta específica","Hierros / obra propia","Sí","Mediana si >=3 fuentes; mínimo 2","90","Sí","Convertir unidad si procede"
"R077","Sí","2.0","palabra_clave","desc","contiene","hormigon","","","CIV","Civil","CIV-07","Encofrados, ferralla y hormigones","CIV-07-HOR","Hormigón","Hormigón","Oferta actual + descompuesto","CEMEX + bombeo + colocacion","Sí","Mediana si >=3 fuentes; mínimo 2","95","Sí","No usar solo precio suministro"
"R078","Sí","2.0","palabra_clave","desc","contiene","junta waterstop","","","CIV","Civil","CIV-13","Impermeabilización, revestimientos y protección de hormigón","CIV-13-JUN","Juntas de estanqueidad","Impermeabilización","Oferta específica","Proveedor juntas","Sí","Precio proveedor validado","95","Sí","Clave en depositos y canales"
"R079","Sí","2.0","palabra_clave","desc","contiene","junta hidroexpansiva","","","CIV","Civil","CIV-13","Impermeabilización, revestimientos y protección de hormigón","CIV-13-JUN","Juntas de estanqueidad","Impermeabilización","Oferta específica","Proveedor juntas","Sí","Precio proveedor validado","95","Sí","Clave en depositos y canales"
"R080","Sí","2.0","palabra_clave","desc","contiene","pasamuros","","","CIV","Civil","CIV-06","Cimentaciones y estructuras de hormigón armado","CIV-06-EMB","Embebidos / pasamuros","Estructuras HA","Proyecto provisional","Proveedor / taller","Sí","Mantener proyecto hasta oferta","90","Sí","Interfaz civil-mecanica"
"R081","Sí","2.0","palabra_clave","desc","contiene","s275","","","CIV","Civil","CIV-08","Estructuras metálicas","CIV-08-EST","Acero estructural","Acero S275/S355","Oferta específica","Taller metalico","Sí","Precio proveedor validado","95","Sí","No incluir verja / barandilla / tramex"
"R082","Sí","2.0","palabra_clave","desc","contiene","s355","","","CIV","Civil","CIV-08","Estructuras metálicas","CIV-08-EST","Acero estructural","Acero S275/S355","Oferta específica","Taller metalico","Sí","Precio proveedor validado","95","Sí","No incluir cerrajeria ligera"
"R083","Sí","2.0","palabra_clave","desc","contiene","acero laminado","","","CIV","Civil","CIV-08","Estructuras metálicas","CIV-08-EST","Acero estructural","Acero S275/S355","Oferta específica","Taller metalico","Sí","Precio proveedor validado","95","Sí","No incluir cerrajeria ligera"
"R084","Sí","2.0","palabra_clave","desc","contiene","impermeabilizacion","","","CIV","Civil","CIV-13","Impermeabilización, revestimientos y protección de hormigón","CIV-13-IMP","Revestimiento protector / impermeabilización","Protección","Oferta específica","Aplicador especializado","Sí","Precio proveedor validado","95","Sí","Muy sensible a preparacion soporte"
"R085","Sí","2.0","palabra_clave","desc","contiene","epoxi","","","CIV","Civil","CIV-13","Impermeabilización, revestimientos y protección de hormigón","CIV-13-IMP","Revestimiento protector / impermeabilización","Protección","Oferta específica","Aplicador especializado","Sí","Precio proveedor validado","95","Sí","Aplicador especializado"
"R086","Sí","2.0","palabra_clave","desc","contiene","poliurea","","","CIV","Civil","CIV-13","Impermeabilización, revestimientos y protección de hormigón","CIV-13-IMP","Revestimiento protector / impermeabilización","Protección","Oferta específica","Aplicador especializado","Sí","Precio proveedor validado","95","Sí","Aplicador especializado"
"R087","Sí","2.0","palabra_clave","desc","contiene","membrana impermeabilizante","","","CIV","Civil","CIV-13","Impermeabilización, revestimientos y protección de hormigón","CIV-13-IMP","Revestimiento protector / impermeabilización","Impermeabilización","Oferta específica","Aplicador especializado","Sí","Precio proveedor validado","92","Sí","Membrana de impermeabilizacion; no OI"
"R088","Sí","2.0","palabra_clave","desc","contiene","membrana epdm","","","CIV","Civil","CIV-13","Impermeabilización, revestimientos y protección de hormigón","CIV-13-IMP","Revestimiento protector / impermeabilización","Impermeabilización","Oferta específica","Aplicador especializado","Sí","Precio proveedor validado","92","Sí","Membrana EPDM impermeabilizante"
"R089","Sí","2.0","palabra_clave","desc","contiene","lamina impermeabilizante","","","CIV","Civil","CIV-13","Impermeabilización, revestimientos y protección de hormigón","CIV-13-IMP","Revestimiento protector / impermeabilización","Impermeabilización","Oferta específica","Aplicador especializado","Sí","Precio proveedor validado","92","Sí","Lamina impermeabilizante"
"R090","Sí","2.0","palabra_clave","desc","contiene","lamina asfaltica","","","CIV","Civil","CIV-13","Impermeabilización, revestimientos y protección de hormigón","CIV-13-IMP","Revestimiento protector / impermeabilización","Impermeabilización","Oferta específica","Aplicador especializado","Sí","Precio proveedor validado","90","Sí","Lamina asfaltica impermeabilizante"
"R091","Sí","2.0","palabra_clave","desc","contiene","lamina epdm","","","CIV","Civil","CIV-13","Impermeabilización, revestimientos y protección de hormigón","CIV-13-IMP","Revestimiento protector / impermeabilización","Impermeabilización","Oferta específica","Aplicador especializado","Sí","Precio proveedor validado","92","Sí","Lamina EPDM impermeabilizante"
"R092","Sí","2.0","palabra_clave","desc","contiene","panel sandwich","","","CIV","Civil","CIV-14","Arquitectura y acabados","CIV-14-CER","Cerramientos / cubiertas","Arquitectura","Oferta específica","Proveedor cerramientos","Sí","Precio proveedor validado","95","Sí","No es acero estructural"
"R093","Sí","2.0","palabra_clave","desc","contiene","fachada","","","CIV","Civil","CIV-14","Arquitectura y acabados","CIV-14-FAC","Fachada / cerramiento","Arquitectura","Oferta específica","Proveedor fachada","Sí","Precio proveedor validado","90","Sí","No mezclar con vallado"
"R094","Sí","2.0","palabra_clave","desc","contiene","cerramiento","","","CIV","Civil","CIV-14","Arquitectura y acabados","CIV-14-FAC","Fachada / cerramiento","Arquitectura","Oferta específica","Proveedor fachada","Sí","Precio proveedor validado","90","Sí","No mezclar con vallado"
"R095","Sí","2.0","palabra_clave","desc","contiene","carpinteria","","","CIV","Civil","CIV-14","Arquitectura y acabados","CIV-14-CAR","Carpintería","Arquitectura","Oferta específica","Proveedor carpinteria","Sí","Precio proveedor validado","90","Sí","Arquitectura industrial"
"R096","Sí","2.0","palabra_clave","desc","contiene_y_no_contiene","pavimento","","demolicion","CIV","Civil","CIV-15","Urbanización y paisajismo","CIV-15-PAV","Pavimentos / urbanización","Urbanización","Referencia histórica actualizada","Obra propia / asfaltos","No","Mediana si >=3 fuentes; mínimo 2","90","Sí","Separar interior/exterior"
"R097","Sí","2.0","palabra_clave","desc","contiene","aglomerado","","","CIV","Civil","CIV-15","Urbanización y paisajismo","CIV-15-FIR","Firmes asfálticos","Urbanización","Oferta específica","Asfaltos","Sí","Precio proveedor validado","95","Sí","Dependiente de planta y volumen"
"R098","Sí","2.0","palabra_clave","desc","contiene","mezcla bituminosa","","","CIV","Civil","CIV-15","Urbanización y paisajismo","CIV-15-FIR","Firmes asfálticos","Urbanización","Oferta específica","Asfaltos","Sí","Precio proveedor validado","95","Sí","Dependiente de planta y volumen"
"R099","Sí","2.0","palabra_clave","desc","contiene","bordillo","","","CIV","Civil","CIV-15","Urbanización y paisajismo","CIV-15-URB","Bordillos / aceras","Urbanización","Referencia histórica actualizada","Obra propia","No","Mediana si >=3 fuentes; mínimo 2","85","No","Paquetizable"
"R100","Sí","2.0","palabra_clave","desc","contiene","acera","","","CIV","Civil","CIV-15","Urbanización y paisajismo","CIV-15-URB","Bordillos / aceras","Urbanización","Referencia histórica actualizada","Obra propia","No","Mediana si >=3 fuentes; mínimo 2","85","No","Paquetizable"
"R101","Sí","2.0","palabra_clave","desc","contiene","cesped","","","CIV","Civil","CIV-15","Urbanización y paisajismo","CIV-15-JAR","Jardinería / paisajismo","Urbanización","Oferta específica","Jardinero / urbanización","No","Precio proveedor validado","95","No","No movimiento de tierras"
"R102","Sí","2.0","palabra_clave","desc","contiene","siembra","","","CIV","Civil","CIV-15","Urbanización y paisajismo","CIV-15-JAR","Jardinería / paisajismo","Urbanización","Oferta específica","Jardinero / urbanización","No","Precio proveedor validado","90","No","Siembra de gramineas"
"R103","Sí","2.0","palabra_clave","desc","contiene","tierra vegetal","","","CIV","Civil","CIV-15","Urbanización y paisajismo","CIV-15-JAR","Jardinería / paisajismo","Urbanización","Referencia histórica actualizada","Obra propia","No","Mediana si >=3 fuentes; mínimo 2","88","Sí","Tierra vegetal para ajardinamiento"
"R104","Sí","2.0","palabra_clave","desc","contiene_y_no_contiene","arqueta","","electrica","CIV","Civil","CIV-10","Redes enterradas civiles y drenaje","CIV-10-ARQ","Arquetas / drenaje","Redes enterradas","Referencia histórica actualizada","Obra propia","No","Mediana si >=3 fuentes; mínimo 2","85","Sí","Puede ser obra hidraulica civil"
"R105","Sí","2.0","palabra_clave","desc","contiene","canalizacion electrica","","","CIV","Civil","CIV-10","Redes enterradas civiles y drenaje","CIV-10-CAN","Canalizaciones eléctricas civiles","Redes enterradas","Referencia histórica actualizada","Instalador electrico","No","Mediana si >=3 fuentes; mínimo 2","90","Sí","Obra civil asociada a electrico"
"R106","Sí","2.0","palabra_clave","desc","contiene_y_no_contiene","tuberia pvc","","proceso","CIV","Civil","CIV-10","Redes enterradas civiles y drenaje","CIV-10-TUB","Tuberías PVC / redes","Redes enterradas","Referencia histórica actualizada","Obra propia","No","Mediana si >=3 fuentes; mínimo 2","88","Sí","Tuberia civil saneamiento o drenaje"
"R107","Sí","2.0","palabra_clave","desc","contiene","tuberia pvc-u","","","CIV","Civil","CIV-10","Redes enterradas civiles y drenaje","CIV-10-TUB","Tuberías PVC / redes","Redes enterradas","Referencia histórica actualizada","Obra propia","No","Mediana si >=3 fuentes; mínimo 2","90","Sí","Tuberia saneamiento estructurada"
"R108","Sí","2.0","palabra_clave","desc","contiene","geotextil","","","CIV","Civil","CIV-03","Movimiento de tierras","CIV-03-GEO","Geotextil / filtros granulares","Movimiento de tierras","Referencia histórica actualizada","Obra propia","No","Mediana si >=3 fuentes; mínimo 2","85","Sí","Segun uso: relleno tecnico o urbanizacion"
"R109","Sí","2.0","palabra_clave","desc","contiene","enfoscado","","","CIV","Civil","CIV-14","Arquitectura y acabados","CIV-14-ACA","Acabados interiores","Arquitectura","Referencia histórica actualizada","Obra propia / proveedor","No","Mediana si >=3 fuentes; mínimo 2","85","No","Revestimiento interior"
"R110","Sí","2.0","palabra_clave","desc","contiene","pintura plastica","","","CIV","Civil","CIV-14","Arquitectura y acabados","CIV-14-ACA","Acabados interiores","Arquitectura","Referencia histórica actualizada","Obra propia","No","Mediana si >=3 fuentes; mínimo 2","85","No","Pintura interior"
"R111","Sí","2.0","palabra_clave","desc","contiene","fabrica bloque","","","CIV","Civil","CIV-14","Arquitectura y acabados","CIV-14-OBF","Obra de fábrica / mampostería","Arquitectura","Referencia histórica actualizada","Obra propia","No","Mediana si >=3 fuentes; mínimo 2","85","No","Bloque ceramico o de hormigon"
"R112","Sí","2.0","palabra_clave","desc","contiene","zahorra","","","CIV","Civil","CIV-15","Urbanización y paisajismo","CIV-15-ZAH","Firmes / zahorra","Urbanización","Oferta específica","Cantera local","Sí","Precio proveedor validado","85","Sí","Zahorra para viales o relleno tecnico"
"R113","Sí","2.0","palabra_clave","desc","contiene","encachado","","","CIV","Civil","CIV-03","Movimiento de tierras","CIV-03-REL","Rellenos","Movimiento de tierras","Referencia histórica actualizada","Obra propia","No","Mediana si >=3 fuentes; mínimo 2","85","Sí","Base granular o encachado"
"R114","Sí","2.0","palabra_clave","desc","contiene","bomba","","","MEC","Mecánico","MEC-01","Equipos mecánicos de proceso","MEC-01-BOM","Bombas de proceso","Equipos mecánicos","Oferta específica","Proveedor mecanico","Sí","Precio proveedor validado","90","Sí","Excepcion bombeo hormigon en p1"
"R115","Sí","2.0","palabra_clave","desc","contiene","motobomba","","","MEC","Mecánico","MEC-01","Equipos mecánicos de proceso","MEC-01-BOM","Bombas de proceso","Equipos mecánicos","Oferta específica","Proveedor mecanico","Sí","Precio proveedor validado","90","Sí","Equipo de proceso"
"R116","Sí","2.0","palabra_clave","desc","contiene","soplante","","","MEC","Mecánico","MEC-01","Equipos mecánicos de proceso","MEC-01-SOP","Soplantes","Equipos mecánicos","Oferta específica","Proveedor mecanico","Sí","Precio proveedor validado","90","Sí","Equipo de proceso"
"R117","Sí","2.0","palabra_clave","desc","contiene","compresor","","","MEC","Mecánico","MEC-01","Equipos mecánicos de proceso","MEC-01-COM","Compresores","Equipos mecánicos","Oferta específica","Proveedor mecanico","Sí","Precio proveedor validado","90","Sí","Equipo de proceso"
"R118","Sí","2.0","palabra_clave","desc","contiene","agitador","","","MEC","Mecánico","MEC-01","Equipos mecánicos de proceso","MEC-01-AGI","Equipo mecánico","Equipos mecánicos","Oferta específica","Proveedor mecanico","Sí","Precio proveedor validado","90","Sí","Equipo de proceso"
"R119","Sí","2.0","palabra_clave","desc","contiene","dosificacion","","","MEC","Mecánico","MEC-05","Dosificación química y reactivos","MEC-05-DOS","Dosificación química","Mecánico","Oferta específica","Skids quimicos","Sí","Precio proveedor validado","95","Sí","Incluye depositos bombas tuberias"
"R120","Sí","2.0","palabra_clave","desc","contiene","valvula","","","MEC","Mecánico","MEC-04","Válvulas, actuadores y compuertas","MEC-04-VAL","Válvulas / compuertas","Mecánico","Oferta específica","Valvuleria","Sí","Precio proveedor validado","95","Sí","Revisar actuador incluido"
"R121","Sí","2.0","palabra_clave","desc","contiene","compuerta","","","MEC","Mecánico","MEC-04","Válvulas, actuadores y compuertas","MEC-04-VAL","Válvulas / compuertas","Mecánico","Oferta específica","Valvuleria","Sí","Precio proveedor validado","95","Sí","Revisar actuador incluido"
"R122","Sí","2.0","palabra_clave","desc","contiene","actuador","","","MEC","Mecánico","MEC-04","Válvulas, actuadores y compuertas","MEC-04-VAL","Válvulas / compuertas","Mecánico","Oferta específica","Valvuleria","Sí","Precio proveedor validado","95","Sí","Revisar actuador incluido"
"R123","Sí","2.0","palabra_clave","desc","contiene","puente grua","","","MEC","Mecánico","MEC-06","Elevación y manutención","MEC-06-ELE","Elevación","Mecánico","Oferta específica","Elevacion","Sí","Precio proveedor validado","95","Sí","Interfaz civil-estructural"
"R124","Sí","2.0","palabra_clave","desc","contiene","polipasto","","","MEC","Mecánico","MEC-06","Elevación y manutención","MEC-06-ELE","Elevación","Mecánico","Oferta específica","Elevacion","Sí","Precio proveedor validado","95","Sí","Interfaz civil-estructural"
"R125","Sí","2.0","palabra_clave","desc","contiene","transformador","","","ELE","Eléctrico","ELE-02","Centros de transformación","ELE-02-TRF","Transformadores","Eléctrico","Oferta específica","Proveedor electrico","Sí","Precio proveedor validado","98","Sí","No MEP"
"R126","Sí","2.0","palabra_clave","desc","contiene","media tension","","","ELE","Eléctrico","ELE-01","Alta y media tensión","ELE-01-MT","Celdas MT","Eléctrico","Oferta específica","Proveedor MT","Sí","Precio proveedor validado","95","Sí","Alta criticidad"
"R127","Sí","2.0","palabra_clave","desc","contiene","ccm","","","ELE","Eléctrico","ELE-03","Baja tensión, CCM y cuadros","ELE-03-CCM","Cuadros BT / CCM","Eléctrico","Oferta específica","Cuadrista","Sí","Precio proveedor validado","95","Sí","Revisar montaje y pruebas"
"R128","Sí","2.0","palabra_clave","desc","contiene","cgbt","","","ELE","Eléctrico","ELE-03","Baja tensión, CCM y cuadros","ELE-03-CCM","Cuadros BT / CCM","Eléctrico","Oferta específica","Cuadrista","Sí","Precio proveedor validado","95","Sí","Revisar montaje y pruebas"
"R129","Sí","2.0","palabra_clave","desc","contiene","variador","","","ELE","Eléctrico","ELE-04","Variadores, arrancadores y compensación","ELE-04-VAR","Variadores / arrancadores","Eléctrico","Oferta específica","Proveedor VFD","Sí","Precio proveedor validado","95","Sí","Critico en bombas"
"R130","Sí","2.0","palabra_clave","desc","contiene","vfd","","","ELE","Eléctrico","ELE-04","Variadores, arrancadores y compensación","ELE-04-VAR","Variadores / arrancadores","Eléctrico","Oferta específica","Proveedor VFD","Sí","Precio proveedor validado","95","Sí","Critico en bombas"
"R131","Sí","2.0","palabra_clave","desc","contiene","puesta a tierra","","","ELE","Eléctrico","ELE-06","Puesta a tierra y protección contra el rayo","ELE-06-TIE","Puesta a tierra","Eléctrico","Oferta específica","Instalador electrico","Sí","Precio proveedor validado","95","Sí","No meter en building services"
"R132","Sí","2.0","palabra_clave","desc","contiene","pararrayos","","","ELE","Eléctrico","ELE-06","Puesta a tierra y protección contra el rayo","ELE-06-TIE","Puesta a tierra","Eléctrico","Oferta específica","Instalador electrico","Sí","Precio proveedor validado","95","Sí","No meter en building services"
"R133","Sí","2.0","palabra_clave","desc","contiene","grupo electrogeno","","","ELE","Eléctrico","ELE-08","Grupos electrógenos, SAI y baterías","ELE-08-GRP","Generación / respaldo","Eléctrico","Oferta específica","Proveedor electrico","Sí","Precio proveedor validado","95","Sí","Equipos especificos"
"R134","Sí","2.0","palabra_clave","desc","contiene","caudalimetro","","","ICA","I&C","ICA-01","Instrumentación de campo","ICA-01-INS","Instrumentación de campo","I&C","Oferta específica","Instrumentacion","Sí","Precio proveedor validado","95","Sí","Revisar montaje y cableado"
"R135","Sí","2.0","palabra_clave","desc","contiene","transmisor","","","ICA","I&C","ICA-01","Instrumentación de campo","ICA-01-INS","Instrumentación de campo","I&C","Oferta específica","Instrumentacion","Sí","Precio proveedor validado","95","Sí","Revisar montaje y cableado"
"R136","Sí","2.0","palabra_clave","desc","contiene","scada","","","ICA","I&C","ICA-04","SCADA y supervisión","ICA-04-SCA","SCADA","I&C","Oferta específica","Integrador control","Sí","Precio proveedor validado","95","Sí","Incluir licencias y migracion"
"R137","Sí","2.0","palabra_clave","desc","contiene","plc","","","ICA","I&C","ICA-03","PLC, RTU y control local","ICA-03-PLC","PLC / RTU","I&C","Oferta específica","Automatizacion","Sí","Precio proveedor validado","95","Sí","Separar SCADA"
"R138","Sí","2.0","palabra_clave","desc","contiene","cctv","","","ICA","I&C","ICA-06","CCTV, control de accesos y seguridad electrónica","ICA-06-SUR","Seguridad electrónica","I&C","Oferta específica","Seguridad electronica","Sí","Precio proveedor validado","95","Sí","No clasificar como civil"
"R139","Sí","2.0","palabra_clave","desc","contiene","hvac","","","MEP","Building services","MEP-01","HVAC","MEP-01-HVC","HVAC","MEP","Oferta específica","Instalador HVAC","Sí","Precio proveedor validado","95","Sí","Paquete MEP propio"
"R140","Sí","2.0","palabra_clave","desc","contiene","climatizacion","","","MEP","Building services","MEP-01","HVAC","MEP-01-HVC","HVAC","MEP","Oferta específica","Instalador HVAC","Sí","Precio proveedor validado","95","Sí","Paquete MEP propio"
"R141","Sí","2.0","palabra_clave","desc","contiene","ventilacion","","","MEP","Building services","MEP-01","HVAC","MEP-01-HVC","HVAC","MEP","Oferta específica","Instalador HVAC","Sí","Precio proveedor validado","95","Sí","Paquete MEP propio"
"R142","Sí","2.0","palabra_clave","desc","contiene","pci","","","MEP","Building services","MEP-02","Protección contra incendios","MEP-02-PCI","PCI","MEP","Oferta específica","Instalador PCI","Sí","Precio proveedor validado","95","Sí","Paquete especifico"
"R143","Sí","2.0","palabra_clave","desc","contiene","seguridad y salud","","","TRV","Transversal","TRV-03","Seguridad y salud","TRV-03-SYS","Seguridad y salud","Transversal","Proyecto provisional","Proyecto / normativa","No","Mantener proyecto hasta oferta","95","Sí","No mezclar con medios auxiliares"
"R144","Sí","2.0","palabra_clave","desc","contiene","control de calidad","","","TRV","Transversal","TRV-04","Control de calidad y laboratorio","TRV-04-LAB","Ensayos / laboratorio","Transversal","Oferta específica","Laboratorio","Sí","Precio proveedor validado","95","Sí","Incluye ensayos materiales"
"R145","Sí","2.0","palabra_clave","desc","contiene","laboratorio","","","TRV","Transversal","TRV-04","Control de calidad y laboratorio","TRV-04-LAB","Ensayos / laboratorio","Transversal","Oferta específica","Laboratorio","Sí","Precio proveedor validado","95","Sí","Incluye ensayos materiales"
"R146","Sí","2.0","palabra_clave","desc","contiene","commissioning","","","TRV","Transversal","TRV-06","Pruebas, commissioning y garantías","TRV-06-COM","Commissioning","Transversal","Proyecto provisional","Proceso / automatizacion","Sí","Mantener proyecto hasta oferta","95","Sí","Clave en EPC de agua"
"R147","Sí","2.0","palabra_clave","desc","contiene","puesta en marcha","","","TRV","Transversal","TRV-06","Pruebas, commissioning y garantías","TRV-06-COM","Commissioning","Transversal","Proyecto provisional","Proceso / automatizacion","Sí","Mantener proyecto hasta oferta","95","Sí","Clave en EPC de agua"
"R148","Sí","2.0","palabra_clave","desc","contiene","prueba de estanqueidad","","","CIV","Civil","CIV-06","Cimentaciones y estructuras de hormigón armado","CIV-06-PRU","Pruebas de estanqueidad","Pruebas HA","Proyecto provisional","Equipo obra / QA","Sí","Mantener proyecto hasta oferta","95","Sí","Puede estar oculta en depositos"
"R149","Sí","2.0","palabra_clave","desc","contiene","medios generales","","","TRV","Transversal","TRV-08","Indirectos de obra y medios generales","TRV-08-MED","Medios generales","Transversal","Proyecto provisional","Control de costes","No","Mantener proyecto hasta oferta","95","Sí","No mezclar con partidas directas"
"R150","Sí","2.0","palabra_clave","desc","contiene","explotacion provisional","","","TRV","Transversal","TRV-07","Explotación provisional / mantenimiento durante obras","TRV-07-EXP","Operación provisional","Transversal","Descompuesto / oferta","Operacion / proceso","Sí","Precio proveedor validado","95","Sí","Critico en remodelaciones"
"R151","Sí","2.0","prefijo_codigo","codigo","empieza_por","gr","","","CIV","Civil","CIV-17","Gestión de residuos","CIV-17-RCD","Por determinar","Residuos","Tarifa oficial","BOIB / Mac Insular","No","Tarifa vigente + ajuste técnico","90","Sí","Codigo GR → residuos; refinar por descripcion"
"R200","Sí","2.0","palabra_clave","desc","contiene","acabado","","","CIV","Civil","CIV-14","Arquitectura y acabados","CIV-14-ACA","Acabados interiores","Arquitectura","Referencia histórica actualizada","Obra propia / proveedor","No","Mediana si >=3 fuentes; mínimo 2","75","Sí","Acabados en construccion → CIV-14 (pintura, enfoscado, alicatado)"
"R201","Sí","2.0","palabra_clave","desc","contiene","ultrafiltracion","","","MEC","Mecánico","MEC-01","Equipos mecánicos de proceso","MEC-01-ULT","Membranas / ultrafiltración","Equipos mecánicos","Oferta específica","Proveedor membranas MBR","Sí","Precio proveedor validado","90","Sí","Ultrafiltracion = proceso; no OI ni impermeabilizacion"
"R202","Sí","2.0","palabra_clave","desc","contiene","calcita","","","MEC","Mecánico","MEC-02","Equipos específicos IDAM / OI / desalación","MEC-02-FIL","Filtros / remineralización","Desalación","Oferta específica","Proveedor filtros","Sí","Precio proveedor validado","90","Sí","Calcita = postratamiento OI; familia IDAM"
"R203","Sí","2.0","palabra_clave","desc","contiene","remineralizacion","","","MEC","Mecánico","MEC-02","Equipos específicos IDAM / OI / desalación","MEC-02-FIL","Filtros / remineralización","Desalación","Oferta específica","Proveedor filtros","Sí","Precio proveedor validado","90","Sí","Remineralización = postratamiento OI"
"R204","Sí","2.0","palabra_clave","desc","contiene","cableado","","","ELE","Eléctrico","ELE-05","Cableado, bandejas y canalizaciones","ELE-05-CAB","Cableado / bandejas","Eléctrico","Oferta específica","Instalador electrico","Sí","Precio proveedor validado","88","Sí","Cableado electrico; separar civil de electrico"
"R205","Sí","2.0","palabra_clave","desc","contiene","bandeja electrica","","","ELE","Eléctrico","ELE-05","Cableado, bandejas y canalizaciones","ELE-05-CAB","Cableado / bandejas","Eléctrico","Oferta específica","Instalador electrico","Sí","Precio proveedor validado","88","Sí","Bandeja portacables electrica"
"R206","Sí","2.0","palabra_clave","desc","contiene","proteccion contra incendios","","","MEP","Building services","MEP-02","Protección contra incendios","MEP-02-PCI","Protección contra incendios","MEP","Oferta específica","Instalador PCI","Sí","Precio proveedor validado","95","Sí","Proteccion contra incendios = PCI"
